{
  "Dermatitis": {
    "precision": 0.9848484848484849,
    "recall": 0.9848484848484849,
    "f1-score": 0.9848484848484849,
    "support": 66.0
  },
  "Fungal_infections": {
    "precision": 0.9454545454545454,
    "recall": 0.9629629629629629,
    "f1-score": 0.9541284403669725,
    "support": 54.0
  },
  "Healthy": {
    "precision": 0.9710144927536232,
    "recall": 0.9710144927536232,
    "f1-score": 0.9710144927536232,
    "support": 69.0
  },
  "Hypersensitivity": {
    "precision": 1.0,
    "recall": 0.9655172413793104,
    "f1-score": 0.9824561403508771,
    "support": 29.0
  },
  "demodicosis": {
    "precision": 0.99,
    "recall": 0.99,
    "f1-score": 0.99,
    "support": 100.0
  },
  "ringworm": {
    "precision": 0.991304347826087,
    "recall": 0.991304347826087,
    "f1-score": 0.991304347826087,
    "support": 115.0
  },
  "accuracy": 0.9815242494226328,
  "macro avg": {
    "precision": 0.9804369784804567,
    "recall": 0.9776079216284114,
    "f1-score": 0.9789586510243407,
    "support": 433.0
  },
  "weighted avg": {
    "precision": 0.9816502204492967,
    "recall": 0.9815242494226328,
    "f1-score": 0.9815569603925912,
    "support": 433.0
  }
}